,public_transport,sales_per_customer
0,0.0,0.7157100963552576
1,10.0,0.7332361516034985
2,20.0,0.8112724167378309
3,30.0,0.8812877263581489
4,40.0,0.7554744525547445
5,50.0,1.2063492063492063
